timestamp,hand,landmark_id,x,y,z,velocity_x,velocity_y,velocity_z
1761653361.6010783,Right,0,0.8053484559059143,0.6252554655075073,1.089017246158619e-06,0,0,0
1761653361.6010783,Right,1,0.7188666462898254,0.5871419906616211,-0.08782303333282471,0,0,0
1761653361.6010783,Right,2,0.6517841815948486,0.4862719178199768,-0.14454440772533417,0,0,0
1761653361.6010783,Right,3,0.6202671527862549,0.38481977581977844,-0.18726754188537598,0,0,0
1761653361.6010783,Right,4,0.5911880135536194,0.2794029116630554,-0.2312515527009964,0,0,0
1761653361.6010783,Right,5,0.7250954508781433,0.29184696078300476,-0.13703541457653046,0,0,0
1761653361.6010783,Right,6,0.7391617298126221,0.15473894774913788,-0.2070147544145584,0,0,0
1761653361.6010783,Right,7,0.7519213557243347,0.06764045357704163,-0.25744864344596863,0,0,0
1761653361.6010783,Right,8,0.7717214226722717,-0.010167896747589111,-0.29119381308555603,0,0,0
1761653361.6010783,Right,9,0.811261773109436,0.2902272939682007,-0.1316058188676834,0,0,0
1761653361.6010783,Right,10,0.8657559752464294,0.12134169042110443,-0.19009824097156525,0,0,0
1761653361.6010783,Right,11,0.9117501974105835,0.03383934497833252,-0.22694671154022217,0,0,0
1761653361.6010783,Right,12,0.9578956365585327,-0.03587409853935242,-0.2535182237625122,0,0,0
1761653361.6010783,Right,13,0.884254515171051,0.33001813292503357,-0.13271141052246094,0,0,0
1761653361.6010783,Right,14,0.9566974639892578,0.17942196130752563,-0.1910925805568695,0,0,0
1761653361.6010783,Right,15,1.009135127067566,0.10673487186431885,-0.2151528000831604,0,0,0
1761653361.6010783,Right,16,1.0544934272766113,0.04855017364025116,-0.23089267313480377,0,0,0
1761653361.6010783,Right,17,0.9458423852920532,0.3983868956565857,-0.13955891132354736,0,0,0
1761653361.6010783,Right,18,1.0124138593673706,0.2977898120880127,-0.18978439271450043,0,0,0
1761653361.6010783,Right,19,1.0502103567123413,0.25789687037467957,-0.20141881704330444,0,0,0
1761653361.6010783,Right,20,1.0786960124969482,0.22909057140350342,-0.2074226438999176,0,0,0
1761653361.6664102,Right,0,0.7730026841163635,0.663239598274231,4.7270521008613287e-07,-0.4950989336622607,0.5814022231791608,-9.433549270303014e-06
1761653361.6664102,Right,1,0.700434684753418,0.6246323585510254,-0.08286874741315842,-0.2821278948405602,0.5738444358482165,0.07583252895752896
1761653361.6664102,Right,2,0.6380295753479004,0.5379123687744141,-0.1353636533021927,-0.21053419068541943,0.7904319726153375,0.14052475713628831
1761653361.6664102,Right,3,0.6023421883583069,0.45082706212997437,-0.17905843257904053,-0.27436756902730436,1.0103372174496938,0.12565231988672443
1761653361.6664102,Right,4,0.5718466639518738,0.3574083149433136,-0.22083571553230286,-0.29604739765420296,1.193985793111502,0.15942948923809036
1761653361.6664102,Right,5,0.6949659585952759,0.3665638864040375,-0.10099346935749054,-0.46117556254607295,1.143650874747283,0.5516742268868923
1761653361.6664102,Right,6,0.6914328932762146,0.27988940477371216,-0.16515281796455383,-0.7305590427046004,1.91560919378736,0.6407576307741715
1761653361.6664102,Right,7,0.7001112103462219,0.23974797129631042,-0.21198809146881104,-0.7930293918006583,2.6343550882775837,0.6958396588595076
1761653361.6664102,Right,8,0.7162015438079834,0.1956600844860077,-0.2454024702310562,-0.849812241352884,3.15049567188036,0.7009028928334221
1761653361.6664102,Right,9,0.7716338634490967,0.3598936200141907,-0.09513847529888153,-0.6065626117610995,1.0663441256541446,0.5581855653925597
1761653361.6664102,Right,10,0.7892239093780518,0.2608000636100769,-0.15883266925811768,-1.171434227908708,2.134612594974126,0.4785649053725613
1761653361.6664102,Right,11,0.8052029013633728,0.21158403158187866,-0.1986311823129654,-1.6308608432899547,2.7206401310843655,0.43341022801088963
1761653361.6664102,Right,12,0.8239713907241821,0.14641645550727844,-0.22762607038021088,-2.049904752173183,2.7902212231134724,0.39631694717942356
1761653361.6664102,Right,13,0.8373163342475891,0.38244593143463135,-0.09865590929985046,-0.718456912218727,0.8024834684806329,0.5212688214814869
1761653361.6664102,Right,14,0.8673630356788635,0.2946060597896576,-0.1651739925146103,-1.3673929465517367,1.7630596265993241,0.3967215679762939
1761653361.6664102,Right,15,0.8827720284461975,0.25601324439048767,-0.18872204422950745,-1.9341704315711876,2.2849219223274044,0.4045610388946873
1761653361.6664102,Right,16,0.8950369358062744,0.20031070709228516,-0.20217162370681763,-2.440712789484056,2.3229149940515725,0.43961730262533666
1761653361.6664102,Right,17,0.8964037299156189,0.4255273938179016,-0.10845750570297241,-0.7567302990270854,0.4154246739312902,0.4760521053054134
1761653361.6664102,Right,18,0.9353758096694946,0.3500419855117798,-0.16196125745773315,-1.1791790440183636,0.7997952719124741,0.4258734243965813
1761653361.6664102,Right,19,0.9529298543930054,0.31140780448913574,-0.1786886304616928,-1.489019129850888,0.8190624292939983,0.347918460926495
1761653361.6664102,Right,20,0.9631918668746948,0.2580656409263611,-0.18906408548355103,-1.7679584120982987,0.4435054484676413,0.2810043536650342
1761653361.7080362,Right,0,0.7579344511032104,0.7005369663238525,-6.05965738031955e-07,-0.36199109924853373,0.8960118447580645,-2.5913408818133068e-05
1761653361.7080362,Right,1,0.6884582042694092,0.6663331985473633,-0.0772404819726944,-0.2877165047653959,1.0017984787390029,0.1352104119890946
1761653361.7080362,Right,2,0.6220442652702332,0.5952999591827393,-0.12411846965551376,-0.38402246380131966,1.3786485062316716,0.2701482241454362
1761653361.7080362,Right,3,0.5885865688323975,0.5135204792022705,-0.16325078904628754,-0.3304575811033724,1.5061128230388563,0.3797542985932918
1761653361.7080362,Right,4,0.5670604705810547,0.43828126788139343,-0.1899927258491516,-0.11498092696114369,1.9428481831928153,0.7409553415964076
1761653361.7080362,Right,5,0.6542410850524902,0.3236207664012909,-0.06077037379145622,-0.9783523872800587,-1.031642343291789,0.9662979439206837
1761653361.7080362,Right,6,0.626933217048645,0.3052505552768707,-0.12386930733919144,-1.5495054183467742,0.6092625950788123,0.9917727831172104
1761653361.7080362,Right,7,0.6463963985443115,0.41498667001724243,-0.15259486436843872,-1.2904156547837244,4.209839941119868,1.4268308399010263
1761653361.7080362,Right,8,0.6587563157081604,0.4726400375366211,-0.16357125341892242,-1.380033163031525,6.654016936629398,1.9658689974340176
1761653361.7080362,Right,9,0.7275570631027222,0.290083110332489,-0.05224071815609932,-1.0588772681451613,-1.6770900155791788,1.0305525704213252
1761653361.7080362,Right,10,0.7277488708496094,0.2871147394180298,-0.11431409418582916,-1.4768431543255132,0.632169572489003,1.069490225783541
1761653361.7080362,Right,11,0.7364721894264221,0.42333078384399414,-0.12573082745075226,-1.6511495372067448,5.086889720032991,1.7513187889479471
1761653361.7080362,Right,12,0.7292658090591431,0.4558665156364441,-0.1214003786444664,-2.2751557917888565,7.434061268557551,2.5519086999977088
1761653361.7080362,Right,13,0.7988685965538025,0.29617464542388916,-0.05549567937850952,-0.9236477043621701,-2.072534824046921,1.0368580748258798
1761653361.7080362,Right,14,0.8072885274887085,0.2891838550567627,-0.11457187682390213,-1.4431975691898826,-0.13026012073863635,1.215637922986162
1761653361.7080362,Right,15,0.8064102530479431,0.40399369597435,-0.0979992151260376,-1.834474088159824,3.5550025201612905,2.179476293300953
1761653361.7080362,Right,16,0.7939005494117737,0.43771642446517944,-0.07513841986656189,-2.4296459746151027,5.703306852547654,3.051777143282625
1761653361.7080362,Right,17,0.8631051182746887,0.33190175890922546,-0.06651761382818222,-0.7999478784824047,-2.249211733641862,1.0075413320770712
1761653361.7080362,Right,18,0.8819358348846436,0.31557971239089966,-0.10251013934612274,-1.2838131185850439,-0.8279030539772727,1.4282215823176319
1761653361.7080362,Right,19,0.8727388978004456,0.3924180865287781,-0.08863543719053268,-1.9264642709860704,1.9461473034274193,2.16338932339397
1761653361.7080362,Right,20,0.8570486307144165,0.4164712429046631,-0.0687980130314827,-2.549927831744868,3.805450707936217,2.8892072302854657
1761653361.80932,Right,0,0.7147075533866882,0.7547116279602051,-3.851013445910212e-07,-0.42678989677859774,0.5348798888928121,2.1806490092555165e-06
1761653361.80932,Right,1,0.6511163711547852,0.6960557103157043,-0.03157481178641319,-0.3686851923778586,0.2934577404281864,0.4508685030542707
1761653361.80932,Right,2,0.6046760082244873,0.6139899492263794,-0.058134425431489944,-0.17148111530901686,0.18453091345644573,0.651476856102068
1761653361.80932,Right,3,0.5801902413368225,0.543673574924469,-0.08471666276454926,-0.08289902663512352,0.2977090027423702,0.7753869331356003
1761653361.80932,Right,4,0.5536308884620667,0.48577365279197693,-0.10674507170915604,-0.13259359956687028,0.46890411120134645,0.8219247643091698
1761653361.80932,Right,5,0.6521542072296143,0.48174694180488586,-0.037896908819675446,-0.020604263032143404,1.5612190012122924,0.22583540040959005
1761653361.80932,Right,6,0.6462640762329102,0.3716399073600769,-0.08823105692863464,0.1908583736449984,0.6554785612560762,0.35186529724703697
1761653361.80932,Right,7,0.6463066935539246,0.40865612030029297,-0.11835737526416779,-0.0008856796487882961,-0.06250308958017019,0.3380352329837694
1761653361.80932,Right,8,0.6478177309036255,0.4587317407131195,-0.13192346692085266,-0.10799936442922213,-0.13732006873580263,0.3124664559867236
1761653361.80932,Right,9,0.7043150663375854,0.4867989420890808,-0.045066140592098236,-0.2294740063321681,1.9422242623259536,0.07083638613278721
1761653361.80932,Right,10,0.7155773043632507,0.37739303708076477,-0.09863244742155075,-0.12017289879123853,0.8913400539058178,0.1548287931217118
1761653361.80932,Right,11,0.7104086875915527,0.42681095004081726,-0.11870203167200089,-0.2573314266209997,0.03436054517848946,0.0693970463613573
1761653361.80932,Right,12,0.704075276851654,0.46947214007377625,-0.1223912164568901,-0.24871238068335627,0.134331709096901,-0.009782787801748996
1761653361.80932,Right,13,0.753984272480011,0.5132136940956116,-0.058824408799409866,-0.4431540788343161,2.1428804303049565,-0.03286537227969822
1761653361.80932,Right,14,0.7800261378288269,0.4029964804649353,-0.10380420833826065,-0.26916834386733046,1.123700316608406,0.10631186516483646
1761653361.80932,Right,15,0.7724123597145081,0.4199044108390808,-0.1084769144654274,-0.33566964443345926,0.15709043936772477,-0.10344892776855807
1761653361.80932,Right,16,0.762416660785675,0.43285804986953735,-0.10331393033266068,-0.3108482515918694,-0.04796793898520532,-0.2781838123653826
1761653361.80932,Right,17,0.8008967638015747,0.555957019329071,-0.07528191059827805,-0.6141985334792792,2.2121532314066124,-0.0865320786695385
1761653361.80932,Right,18,0.8307642936706543,0.47598010301589966,-0.10744878649711609,-0.5052293351223474,1.583672892906324,-0.048760489860292126
1761653361.80932,Right,19,0.8393824100494385,0.4338214099407196,-0.11517304927110672,-0.3293368878217577,0.4087852947753728,-0.2620124348245707
1761653361.80932,Right,20,0.8448904752731323,0.39008939266204834,-0.11530659347772598,-0.12004048821251603,-0.26047455951414145,-0.45919076539199416
1761653361.9089317,Right,0,0.7047759890556335,0.7830214500427246,-4.7028862582010333e-08,-0.09970273000129248,0.284201607459993,3.3939013302481135e-06
1761653361.9089317,Right,1,0.6387837529182434,0.7173044085502625,-0.02193399704992771,-0.12380685109214412,0.21331515885515148,0.0967839019739015
1761653361.9089317,Right,2,0.5901622176170349,0.6348555684089661,-0.03754327446222305,-0.14570358686650614,0.20946943767621984,0.20671405803466714
1761653361.9089317,Right,3,0.5671103000640869,0.5672035813331604,-0.05315016210079193,-0.13130920866822082,0.236217155494708,0.31689532362219425
1761653361.9089317,Right,4,0.5466145873069763,0.5055343508720398,-0.06730733066797256,-0.07043647469375446,0.19837716190922974,0.3959145121373282
1761653361.9089317,Right,5,0.637754499912262,0.5427061319351196,-0.018809692934155464,-0.14455830752365953,0.6119678101110095,0.1916160907259898
1761653361.9089317,Right,6,0.6326610445976257,0.45961153507232666,-0.04993464797735214,-0.13656049994973696,0.8831450064863261,0.3844567073637752
1761653361.9089317,Right,7,0.6202600598335266,0.4337742328643799,-0.07487160712480545,-0.2614815151674717,0.252160114121043,0.4365525565937932
1761653361.9089317,Right,8,0.6047555208206177,0.4153408408164978,-0.09074660390615463,-0.4323004676856501,-0.4356001766386949,0.41337351484674556
1761653361.9089317,Right,9,0.6854187250137329,0.5436637997627258,-0.026516582816839218,-0.18969990569695694,0.5708649073005874,0.18621855418356065
1761653361.9089317,Right,10,0.6851472854614258,0.45937860012054443,-0.05169424042105675,-0.3054862111717991,0.8230510504976041,0.47121150539011303
1761653361.9089317,Right,11,0.6799268126487732,0.42124223709106445,-0.06990647315979004,-0.3060067926912748,-0.05590417231128621,0.48985741152507645
1761653361.9089317,Right,12,0.6725597381591797,0.3841991424560547,-0.08324143290519714,-0.31638371764615775,-0.856053525354115,0.39302371398413605
1761653361.9089317,Right,13,0.7316980361938477,0.5654451251029968,-0.03945380821824074,-0.22373097783160445,0.5243500509810868,0.19446098271430007
1761653361.9089317,Right,14,0.74465012550354,0.47974535822868347,-0.06732691824436188,-0.35513891747765686,0.7704800958348691,0.3661946179051321
1761653361.9089317,Right,15,0.7468802332878113,0.43456387519836426,-0.07863294333219528,-0.2563163891029722,0.14716600207753913,0.29960289203977003
1761653361.9089317,Right,16,0.7431356310844421,0.3896505832672119,-0.08559616655111313,-0.1935617828540792,-0.4337586943097448,0.17786819474296436
1761653361.9089317,Right,17,0.7767114639282227,0.6030520796775818,-0.054420631378889084,-0.24279563046610594,0.47278615229223414,0.20942586889244189
1761653361.9089317,Right,18,0.800926923751831,0.5312142968177795,-0.07782693952322006,-0.29953662261071035,0.5544947128065447,0.29737299306848697
1761653361.9089317,Right,19,0.8134737610816956,0.48708629608154297,-0.08492575585842133,-0.26009628963001613,0.5347248816425005,0.3036518344814051
1761653361.9089317,Right,20,0.8200923204421997,0.4408774673938751,-0.08931773900985718,-0.24894806630892144,0.5098602328375642,0.260901470672711
1761653361.9798934,Right,0,0.6925240755081177,0.7919173836708069,1.686798611899576e-07,-0.17265526567775968,0.12536244057318527,3.039790222761638e-06
1761653361.9798934,Right,1,0.6266806125640869,0.7412158250808716,-0.01938372291624546,-0.17055873805164043,0.336962218825071,0.03593873368387455
1761653361.9798934,Right,2,0.5773595571517944,0.6615688800811768,-0.031420256942510605,-0.18041644967829723,0.3764468224503167,0.08628621255900684
1761653361.9798934,Right,3,0.5553053021430969,0.5934991240501404,-0.04292282462120056,-0.16635728324961782,0.3705595780066189,0.14412472491474457
1761653361.9798934,Right,4,0.5336874723434448,0.5356598496437073,-0.054221261292696,-0.1821702756732239,0.4245317250995347,0.18441027810909336
1761653361.9798934,Right,5,0.6205264925956726,0.574874222278595,-0.022933823987841606,-0.24277890705058208,0.4533161422547751,-0.058117692391687806
1761653361.9798934,Right,6,0.6140987873077393,0.49306750297546387,-0.04891570657491684,-0.2615812992423606,0.4714650494733482,0.01435903035597292
1761653361.9798934,Right,7,0.6024472117424011,0.45523300766944885,-0.06868962198495865,-0.251020545298772,0.3023993313958372,0.0871171905185882
1761653361.9798934,Right,8,0.5860417485237122,0.42049187421798706,-0.08277130872011185,-0.26371646479748684,0.07258890923446504,0.11238870596536026
1761653361.9798934,Right,9,0.6678739786148071,0.5715137124061584,-0.03235306590795517,-0.2472424278058696,0.39246392393367713,-0.08224833898903018
1761653361.9798934,Right,10,0.6658180356025696,0.48656225204467773,-0.05545622482895851,-0.2723898399045811,0.3830749071849749,-0.053014283434407915
1761653361.9798934,Right,11,0.6626026034355164,0.43910738825798035,-0.07349429279565811,-0.24413459438574092,0.25175760579232953,-0.05055993498748467
1761653361.9798934,Right,12,0.6562820672988892,0.39039507508277893,-0.08690736442804337,-0.22938666487476272,0.08731373998353688,-0.051660695986695114
1761653361.9798934,Right,13,0.7140926122665405,0.5917247533798218,-0.04550819844007492,-0.24809750197389419,0.3703353100273825,-0.08531910939573639
1761653361.9798934,Right,14,0.7231470942497253,0.5069335699081421,-0.07416223734617233,-0.30302299796730897,0.3831391637408235,-0.09632404203134712
1761653361.9798934,Right,15,0.7273913025856018,0.4577326774597168,-0.08952773362398148,-0.27464007929174994,0.32649721974902146,-0.1535305407630151
1761653361.9798934,Right,16,0.7254041433334351,0.4064804017543793,-0.09926522523164749,-0.24987400675323804,0.237167587817293,-0.1926258252557663
1761653361.9798934,Right,17,0.7598097324371338,0.6285495758056641,-0.059713806957006454,-0.23818099349874847,0.3593134208006451,-0.0745919918692358
1761653361.9798934,Right,18,0.7822965383529663,0.5585513710975647,-0.08681035041809082,-0.26254136778268683,0.3852369512994103,-0.1265951794983789
1761653361.9798934,Right,19,0.796758234500885,0.5138797760009766,-0.09728606790304184,-0.23555697414618576,0.37757656189628236,-0.1741828288003763
1761653361.9798934,Right,20,0.8056536912918091,0.4670572280883789,-0.1036866158246994,-0.20347069397080317,0.3689279654610513,-0.20248773665731518
1761653362.0565755,Right,0,0.6814609169960022,0.8050106167793274,2.1155524621008226e-07,-0.14427304214807168,0.1707469498924223,5.591316641941901e-07
1761653362.0565755,Right,1,0.6164451837539673,0.7626729011535645,-0.02144557796418667,-0.13347873941323515,0.279818610319997,-0.02688835199360752
1761653362.0565755,Right,2,0.5662708282470703,0.6880985498428345,-0.033455077558755875,-0.1446065019214745,0.3459695673262278,-0.026535799899262504
1761653362.0565755,Right,3,0.5419158935546875,0.618596613407135,-0.04423001781105995,-0.1746093312771276,0.32729271083363387,-0.01704691639098586
1761653362.0565755,Right,4,0.515882134437561,0.5620527267456055,-0.05480682849884033,-0.23219682365963162,0.3441856741328491,-0.007636296824281468
1761653362.0565755,Right,5,0.6098291277885437,0.5988143086433411,-0.023501098155975342,-0.13950277960874052,0.3121991866379793,-0.007397739974442524
1761653362.0565755,Right,6,0.5984331369400024,0.5191299915313721,-0.04743828624486923,-0.20429346947405078,0.3398771251259219,0.019266823783998906
1761653362.0565755,Right,7,0.5866923332214355,0.47797146439552307,-0.06556221097707748,-0.20545708085116968,0.29652890917457436,0.04078411239071225
1761653362.0565755,Right,8,0.5730783343315125,0.4379240870475769,-0.07927922159433365,-0.169054000273608,0.22733095377268148,0.04553980063924783
1761653362.0565755,Right,9,0.6544742584228516,0.5913559198379517,-0.03115714341402054,-0.1747438034002015,0.25875934309201937,0.015595851418408845
1761653362.0565755,Right,10,0.6481325030326843,0.5081034898757935,-0.05258772522211075,-0.23063445968634572,0.28091615157884264,0.03740768644210081
1761653362.0565755,Right,11,0.6434860229492188,0.46123698353767395,-0.06998194009065628,-0.24929654756426678,0.2885888355491437,0.045804081112340966
1761653362.0565755,Right,12,0.6370437741279602,0.4123595356941223,-0.0832456573843956,-0.25088378499384384,0.2864353383411892,0.04775178933426194
1761653362.0565755,Right,13,0.6985893845558167,0.6080999970436096,-0.04242832213640213,-0.20217533921176017,0.2135471725098561,0.040164219222207025
1761653362.0565755,Right,14,0.7038249969482422,0.5252612233161926,-0.0697430744767189,-0.25197666247963485,0.23900826420585272,0.057629660663872546
1761653362.0565755,Right,15,0.7062894105911255,0.4759749174118042,-0.08526326715946198,-0.27518670638128523,0.23789439974131604,0.05561228733194871
1761653362.0565755,Right,16,0.7031944394111633,0.42486441135406494,-0.09531758725643158,-0.28963352071337073,0.23974319710970438,0.051480573053341125
1761653362.0565755,Right,17,0.7424705624580383,0.6424371004104614,-0.05483632534742355,-0.22611759548298033,0.18110518984665513,0.06360652873816956
1761653362.0565755,Right,18,0.7638849020004272,0.5743122696876526,-0.08131657540798187,-0.24010347357817105,0.2055355876975885,0.07164352139739077
1761653362.0565755,Right,19,0.7764585614204407,0.5307667255401611,-0.09227979183197021,-0.2647250861243424,0.22022025445545787,0.06528611859042123
1761653362.0565755,Right,20,0.7827047109603882,0.48511242866516113,-0.09907365590333939,-0.2992743169127066,0.2354552464337682,0.06015693984976432
1761653362.1387992,Right,0,0.6767076253890991,0.8239398002624512,2.81076466990271e-07,-0.05780929680953168,0.23021579083193425,8.455136396021375e-07
1761653362.1387992,Right,1,0.6082409620285034,0.7889618873596191,-0.02162936143577099,-0.09977933778137332,0.3197253465788657,-0.0022351654676676207
1761653362.1387992,Right,2,0.5558643341064453,0.7177661657333374,-0.03238127753138542,-0.12656326568485027,0.36081607325637705,0.013059502683612133
1761653362.1387992,Right,3,0.529906153678894,0.6493995785713196,-0.04180080071091652,-0.14606186081172381,0.374624134821426,0.029544017908145363
1761653362.1387992,Right,4,0.5061613321304321,0.5935745239257812,-0.05122740566730499,-0.11822391560902483,0.3833665341533501,0.04353276297514143
1761653362.1387992,Right,5,0.5985671281814575,0.6190691590309143,-0.01990448497235775,-0.13696788074381436,0.24633848598461452,0.043741831184703844
1761653362.1387992,Right,6,0.5820022225379944,0.5403610467910767,-0.04095520079135895,-0.19983196615546103,0.2582110412299092,0.07884696379225856
1761653362.1387992,Right,7,0.5686243772506714,0.495293527841568,-0.05801296979188919,-0.2197415845345071,0.21067007663735135,0.09181349693073643
1761653362.1387992,Right,8,0.5546101331710815,0.4532693028450012,-0.07140550762414932,-0.22460934668325258,0.18662775356582606,0.09575971885139661
1761653362.1387992,Right,9,0.6416300535202026,0.6085955500602722,-0.026841046288609505,-0.15621058308758928,0.20966752785824264,0.052492159205905976
1761653362.1387992,Right,10,0.6351550817489624,0.5213797092437744,-0.04590227082371712,-0.1578307541080578,0.16146472159155162,0.08130816486454355
1761653362.1387992,Right,11,0.6302832365036011,0.46997570991516113,-0.06349741667509079,-0.16057163403127547,0.10627995685343215,0.07886445221546608
1761653362.1387992,Right,12,0.6235630512237549,0.4193000793457031,-0.07695364952087402,-0.16395188345787265,0.08441054771204305,0.07652308761826886
1761653362.1387992,Right,13,0.6839098930358887,0.622894287109375,-0.037427619099617004,-0.1785312479158874,0.1799274221375529,0.060818302350734044
1761653362.1387992,Right,14,0.6878085136413574,0.5387228727340698,-0.06223871558904648,-0.19479167572802583,0.16371991266299574,0.09126764065404165
1761653362.1387992,Right,15,0.6881105899810791,0.4873490333557129,-0.07913968712091446,-0.22108991477972922,0.13833143407245027,0.07447467676319551
1761653362.1387992,Right,16,0.6838347315788269,0.4354780316352844,-0.09054265171289444,-0.23545180661754686,0.1290823235354669,0.05807252929356194
1761653362.1387992,Right,17,0.7258555293083191,0.6550026535987854,-0.04926082119345665,-0.20207120923475735,0.15282163475618418,0.06780900503376625
1761653362.1387992,Right,18,0.7461234927177429,0.5867993235588074,-0.07419633865356445,-0.21601337891559452,0.15186692995351886,0.08659596631784058
1761653362.1387992,Right,19,0.7579951882362366,0.5426405668258667,-0.08587858825922012,-0.22455062907579937,0.14440906889822572,0.07785112041893925
1761653362.1387992,Right,20,0.7644022703170776,0.49691489338874817,-0.09337235987186432,-0.2225933754940253,0.14354099068927223,0.0693388796100571
1761653362.2168975,Right,0,0.6630995869636536,0.8623518347740173,3.1636722042094334e-07,-0.17424244736970645,0.4918421518585454,4.5187609374933665e-07
1761653362.2168975,Right,1,0.5934973359107971,0.8291453123092651,-0.021606672555208206,-0.18878293972549212,0.5145237019489083,0.0002905169689957505
1761653362.2168975,Right,2,0.5399702191352844,0.7590053081512451,-0.03251280263066292,-0.2035142321594295,0.5280415058858008,-0.001684096889806086
1761653362.2168975,Right,3,0.5101698637008667,0.6937345862388611,-0.042203228920698166,-0.2527108875103795,0.5676821301226005,-0.00515284231060421
1761653362.2168975,Right,4,0.48093828558921814,0.6444806456565857,-0.052190154790878296,-0.3229653842866214,0.6518211485859424,-0.01232740224930396
1761653362.2168975,Right,5,0.583850622177124,0.6558470129966736,-0.019575875252485275,-0.188435683583256,0.47091748888780344,0.004207642573450398
1761653362.2168975,Right,6,0.5605040192604065,0.5732367038726807,-0.03909958526492119,-0.27527108875103795,0.4209522908220583,0.02375999983209593
1761653362.2168975,Right,7,0.5449861884117126,0.5239492654800415,-0.05551786348223686,-0.3026722695745616,0.3669188534899624,0.031948280586015725
1761653362.2168975,Right,8,0.5308974981307983,0.47743892669677734,-0.06887775659561157,-0.30362550676500755,0.3094769635617643,0.03236627585722659
1761653362.2168975,Right,9,0.6251580715179443,0.6442282199859619,-0.026556139811873436,-0.2109134591901529,0.4562541212816881,0.003648049794241196
1761653362.2168975,Right,10,0.6141186356544495,0.5512139797210693,-0.04601096734404564,-0.2693585759292727,0.3820092316709813,-0.0013917911700776632
1761653362.2168975,Right,11,0.6068710088729858,0.49271291494369507,-0.06456563621759415,-0.29977897718946905,0.2911357336491965,-0.013677885202461779
1761653362.2168975,Right,12,0.5992258191108704,0.43713802099227905,-0.07858997583389282,-0.31162308284081475,0.228403720754164,-0.0209521381819958
1761653362.2168975,Right,13,0.6661775708198547,0.6568177342414856,-0.03697315976023674,-0.2270513298002247,0.4343685891173741,0.005819068483490451
1761653362.2168975,Right,14,0.668229341506958,0.5656101703643799,-0.062104515731334686,-0.2506990914863479,0.3442750818150735,0.0017183455038343185
1761653362.2168975,Right,15,0.668006956577301,0.5067662000656128,-0.08062081038951874,-0.2574144910369755,0.24862471303668246,-0.018964859968006644
1761653362.2168975,Right,16,0.6637371182441711,0.4503771960735321,-0.09311729669570923,-0.25733740780540226,0.19077451094123968,-0.032966723703170026
1761653362.2168975,Right,17,0.707121729850769,0.6856945753097534,-0.04856162890791893,-0.23987462145264496,0.3929909209690812,0.00895272126703463
1761653362.2168975,Right,18,0.7263248562812805,0.6124184727668762,-0.0732358917593956,-0.2535091950373663,0.3280372319640502,0.012297923637229521
1761653362.2168975,Right,19,0.7368201017379761,0.5635397434234619,-0.08546614646911621,-0.27113377985639625,0.2676009256093391,0.005281059963122161
1761653362.2168975,Right,20,0.742424726486206,0.5140824317932129,-0.093620166182518,-0.2814087456650222,0.2198196252381185,-0.0031730052996629707
1761653362.2685015,Right,0,0.6538992524147034,0.8843128085136414,3.9137708540692984e-07,-0.17828712409271724,0.4255670084040602,1.4535659584749014e-06
1761653362.2685015,Right,1,0.5848999619483948,0.8553774356842041,-0.02378275617957115,-0.16660275453583623,0.5083347578808277,-0.04216886778505195
1761653362.2685015,Right,2,0.5304015278816223,0.7891227006912231,-0.035995613783597946,-0.1854252620782377,0.5836247880504336,-0.06749106577713301
1761653362.2685015,Right,3,0.49696385860443115,0.7312942147254944,-0.046711601316928864,-0.2559103320504706,0.727842896282162,-0.08736473055261662
1761653362.2685015,Right,4,0.4628409743309021,0.6897111535072327,-0.057896021753549576,-0.350695679693961,0.8764917322343527,-0.11057017609717108
1761653362.2685015,Right,5,0.5725388526916504,0.6776261925697327,-0.02284921333193779,-0.21920320823496256,0.4220441409516593,-0.06343182731712275
1761653362.2685015,Right,6,0.5479423999786377,0.5934837460517883,-0.04349220544099808,-0.24342321072984574,0.39235387607822847,-0.08512164576816991
1761653362.2685015,Right,7,0.5338913798332214,0.5411268472671509,-0.06030796840786934,-0.2149988680622612,0.33287285798108507,-0.0928242366350494
1761653362.2685015,Right,8,0.5225452780723572,0.49272316694259644,-0.0736866369843483,-0.16185208114838548,0.29618305974321185,-0.09318807376537934
1761653362.2685015,Right,9,0.615502119064331,0.6633597612380981,-0.029428407549858093,-0.1871162384553901,0.37073733038259493,-0.05565975366493719
1761653362.2685015,Right,10,0.6023997664451599,0.5677318572998047,-0.04906328022480011,-0.22709212125132253,0.3200888917636514,-0.05914872795609006
1761653362.2685015,Right,11,0.5961577892303467,0.5070852637290955,-0.06741613149642944,-0.20760431152774633,0.2785121255942673,-0.05523783975457742
1761653362.2685015,Right,12,0.590386688709259,0.4506465196609497,-0.0812683179974556,-0.17128759072827487,0.2617721524835638,-0.0519017997810047
1761653362.2685015,Right,13,0.6572838425636292,0.6731601357460022,-0.03958229348063469,-0.17234560600250412,0.3166884583932028,-0.05056065569226078
1761653362.2685015,Right,14,0.6567966938018799,0.5825846791267395,-0.0645688995718956,-0.22154562633118188,0.32893764178097695,-0.047755644673193404
1761653362.2685015,Right,15,0.6579150557518005,0.5223392248153687,-0.08227178454399109,-0.19556419011009826,0.3017792213192388,-0.03199312290071751
1761653362.2685015,Right,16,0.6556857228279114,0.46534353494644165,-0.09430616348981857,-0.1560226017935438,0.29002266185554626,-0.023038253720379036
1761653362.2685015,Right,17,0.6981533765792847,0.7001258730888367,-0.051245953887701035,-0.17379171421575196,0.2796544586796524,-0.052017736771343956
1761653362.2685015,Right,18,0.7166885733604431,0.6302237510681152,-0.07488570362329483,-0.18673507574742543,0.34503656851919445,-0.031970599649792326
1761653362.2685015,Right,19,0.7294294238090515,0.5818313956260681,-0.08588676154613495,-0.14321899992145737,0.35446168275250295,-0.008150817998272062
1761653362.2685015,Right,20,0.7377949357032776,0.5334749221801758,-0.09330377727746964,-0.08971761618532362,0.37579408897492644,0.006131088785500108
1761653362.3652737,Right,0,0.6543777585029602,0.8900636434555054,3.755861257559445e-07,0.004944665083322657,0.059426522326136016,-1.6317662143616112e-07
1761653362.3652737,Right,1,0.5864495038986206,0.8600669503211975,-0.022160973399877548,0.016012264346180756,0.048459319227774876,0.01675876834231766
1761653362.3652737,Right,2,0.5308366417884827,0.7932749390602112,-0.03304199501872063,0.0044962699437288735,0.04290734973835404,0.0305213578981601
1761653362.3652737,Right,3,0.49494269490242004,0.7352501153945923,-0.04274445399641991,-0.02088578981601017,0.04087848491717008,0.040994702716486156
1761653362.3652737,Right,4,0.46076852083206177,0.6938512921333313,-0.052624184638261795,-0.02141579533471958,0.04278231647827501,0.05447677584184955
1761653362.3652737,Right,5,0.5736690163612366,0.6773841977119446,-0.018307317048311234,0.011678599233293585,-0.002500665201580716,0.0469338980566259
1761653362.3652737,Right,6,0.5500931143760681,0.5930130481719971,-0.03620404377579689,0.022224507997201225,-0.0048639785952913584,0.07531256005292049
1761653362.3652737,Right,7,0.5351229906082153,0.541892409324646,-0.05164368450641632,0.01272690765031092,0.00791097139140461,0.08953278365919999
1761653362.3652737,Right,8,0.5226216316223145,0.4942220449447632,-0.06459446996450424,0.0007890029860159846,0.015488726065061641,0.09395433391148385
1761653362.3652737,Right,9,0.6164654493331909,0.6644877791404724,-0.024986516684293747,0.009954618469937816,0.011656425847269718,0.045900487383343354
1761653362.3652737,Right,10,0.6053716540336609,0.5685165524482727,-0.04222951829433441,0.03071013964305776,0.00810868408345077,0.07061699910320972
1761653362.3652737,Right,11,0.5981475114822388,0.5066997408866882,-0.059385769069194794,0.020560888118021543,-0.003983818355621693,0.0829821264030826
1761653362.3652737,Right,12,0.5902013778686523,0.44862502813339233,-0.07284209132194519,-0.0019149182541168587,-0.020889177416652707,0.08707280816079153
1761653362.3652737,Right,13,0.6577540040016174,0.6743512153625488,-0.03525983914732933,0.004858435248785391,0.012308077025415629,0.04466628438106689
1761653362.3652737,Right,14,0.658011257648468,0.5819200277328491,-0.058654241263866425,0.012550752416899076,-0.0068682063208932425,0.061119398756319415
1761653362.3652737,Right,15,0.6581121683120728,0.5210527181625366,-0.07545571029186249,0.002036871877248135,-0.013294176776088221,0.0704342226503602
1761653362.3652737,Right,16,0.6543211340904236,0.4617820978164673,-0.08714194595813751,-0.01410104165640121,-0.03680227745311561,0.07403177754180915
1761653362.3652737,Right,17,0.6982728838920593,0.7008718252182007,-0.04701152816414833,0.0012349344160515604,0.007708331280242035,0.04375663661762242
1761653362.3652737,Right,18,0.718239426612854,0.6294330954551697,-0.0701441839337349,0.0160258147487509,-0.00817027682240596,0.04899671587515891
1761653362.3652737,Right,19,0.7310051918029785,0.5806489586830139,-0.08108578622341156,0.016283272397583592,-0.012218767553930603,0.04961110344623693
1761653362.3652737,Right,20,0.738822340965271,0.5309315919876099,-0.0885421633720398,0.010616740413706109,-0.026281621712179595,0.04920436039636159
1761653362.4551468,Right,0,0.6571425199508667,0.8859086632728577,4.012280783172173e-07,0.03076295579047897,-0.046231645687150984,2.8531295299321307e-07
1761653362.4551468,Right,1,0.5896015167236328,0.8526107668876648,-0.020467329770326614,0.03507182554946877,-0.08296348370495152,0.018844838906500776
1761653362.4551468,Right,2,0.5339857935905457,0.7869277596473694,-0.03117852844297886,0.03503999151092305,-0.07062381451366874,0.020734425362443794
1761653362.4551468,Right,3,0.4957028925418854,0.7319750189781189,-0.04089045524597168,0.008458569325251025,-0.03644135241607088,0.02062907873618867
1761653362.4551468,Right,4,0.45987939834594727,0.6946007609367371,-0.05087706074118614,-0.009893090687217308,0.008339191680704593,0.019439903304107917
1761653362.4551468,Right,5,0.5758464932441711,0.6701471209526062,-0.017876632511615753,0.024228356169834597,-0.08052552691965885,0.004792141966547731
1761653362.4551468,Right,6,0.5521413087844849,0.5830058455467224,-0.03475344553589821,0.0227898555530501,-0.11134817153241103,0.016140520751813877
1761653362.4551468,Right,7,0.5374739170074463,0.5308472514152527,-0.049453116953372955,0.026158294756668567,-0.12289729543314189,0.02437401347640965
1761653362.4551468,Right,8,0.5256580114364624,0.4829675555229187,-0.06172994524240494,0.033785199824912786,-0.12522648592007005,0.03187300208247669
1761653362.4551468,Right,9,0.6179004907608032,0.6577244997024536,-0.024843880906701088,0.01596742316722155,-0.07525367749466116,0.0015870801886166783
1761653362.4551468,Right,10,0.6060864925384521,0.5591233968734741,-0.040319833904504776,0.007953867172474169,-0.10451579100953695,0.021248681871841466
1761653362.4551468,Right,11,0.5997005105018616,0.4979076385498047,-0.05610710754990578,0.017279914048095927,-0.09782799007839132,0.03648102061253996
1761653362.4551468,Right,12,0.5927468538284302,0.4419137239456177,-0.06863240897655487,0.028323009377777188,-0.07467535912774734,0.04684030587205369
1761653362.4551468,Right,13,0.6593726873397827,0.6677282452583313,-0.03506956249475479,0.018010770516374633,-0.0736924831876484,0.0021171708161451634
1761653362.4551468,Right,14,0.6601624488830566,0.5733699798583984,-0.056363463401794434,0.02393588094069584,-0.09513469777559656,0.025489033836930138
1761653362.4551468,Right,15,0.6609104871749878,0.5129114389419556,-0.07173055410385132,0.031136342534254752,-0.09058640951837753,0.04144907880250958
1761653362.4551468,Right,16,0.6577925682067871,0.45525383949279785,-0.08265578001737595,0.03862596331127058,-0.07263864386995796,0.04991668435224364
1761653362.4551468,Right,17,0.7003093957901001,0.6944258809089661,-0.046667248010635376,0.022659866562321763,-0.07172275205263227,0.0038307374222387286
1761653362.4551468,Right,18,0.7206138372421265,0.6210798025131226,-0.06800244748592377,0.02641959915639798,-0.09294544441644229,0.023830679391439298
1761653362.4551468,Right,19,0.7341051697731018,0.5720430612564087,-0.07745417952537537,0.03449284397341858,-0.09575612473637436,0.04040817206297834
1761653362.4551468,Right,20,0.7430306673049927,0.5229685306549072,-0.08379486948251724,0.046825217864201296,-0.08860341420063403,0.0528222035786765
1761653362.5384936,Right,0,0.6601546406745911,0.8797329664230347,4.254372072409751e-07,0.03613958956696855,-0.07409634935437179,2.9046245596579086e-07
1761653362.5384936,Right,1,0.5922655463218689,0.8469057083129883,-0.020831957459449768,0.03196317316108953,-0.06844960552888879,-0.004374823002900607
1761653362.5384936,Right,2,0.5347100496292114,0.7832409143447876,-0.03172628581523895,0.008689663655451367,-0.04423497205233679,-0.0065720229803021895
1761653362.5384936,Right,3,0.4955306053161621,0.7309169769287109,-0.041486237198114395,-0.0020671115789714575,-0.012694446510403854,-0.007148224522429645
1761653362.5384936,Right,4,0.46029841899871826,0.6945248246192932,-0.05156160518527031,0.005027432762556424,-0.0009110880995016906,-0.00821320176668135
1761653362.5384936,Right,5,0.5784971714019775,0.6631680130958557,-0.020431281998753548,0.03180298184689143,-0.08373571865828332,-0.030650824591941232
1761653362.5384936,Right,6,0.5549225211143494,0.5741482973098755,-0.037812285125255585,0.03336913799909606,-0.10627334931432396,-0.03670012507795024
1761653362.5384936,Right,7,0.5405584573745728,0.5204840898513794,-0.05237874388694763,0.03700848441853413,-0.12433778054934179,-0.0351018323311841
1761653362.5384936,Right,8,0.5292919278144836,0.47168684005737305,-0.06439609825611115,0.04359992791390861,-0.13534664256168796,-0.03198865001630519
1761653362.5384936,Right,9,0.6207810044288635,0.6500287055969238,-0.027344848960638046,0.03456056089844443,-0.09233455955970273,-0.03000675181359452
1761653362.5384936,Right,10,0.6092603206634521,0.5487333536148071,-0.04299619421362877,0.03807976383223392,-0.12466030859712457,-0.03211111770628922
1761653362.5384936,Right,11,0.6034263968467712,0.4857950508594513,-0.05820963531732559,0.04470338861840713,-0.14532749111796375,-0.025226243413562482
1761653362.5384936,Right,12,0.5973176956176758,0.4295153319835663,-0.07035534828901291,0.054841210359801135,-0.1487565864375168,-0.020671920321984543
1761653362.5384936,Right,13,0.662217378616333,0.6597905158996582,-0.037582725286483765,0.034130761881332565,-0.09523731198974776,-0.03015306494613567
1761653362.5384936,Right,14,0.6647109389305115,0.5640248656272888,-0.05955669656395912,0.05457303293647842,-0.1121231928417367,-0.03831258653191526
1761653362.5384936,Right,15,0.6665472984313965,0.5023970603942871,-0.0758969783782959,0.06763077046301011,-0.12615209021059437,-0.04998898684714888
1761653362.5384936,Right,16,0.6643143892288208,0.44446104764938354,-0.08751656115055084,0.07824916614699841,-0.12949250819550207,-0.058319918502668905
1761653362.5384936,Right,17,0.7028133869171143,0.6866293549537659,-0.04916027933359146,0.030043022810098918,-0.09354314581414375,-0.02991152648019635
1761653362.5384936,Right,18,0.726356565952301,0.6136347651481628,-0.07178018242120743,0.06890157387966199,-0.08932596643991968,-0.04532547084804137
1761653362.5384936,Right,19,0.7420167922973633,0.5647954940795898,-0.08254982531070709,0.09492408075930683,-0.08695670829733797,-0.06113783747446951
1761653362.5384936,Right,20,0.7527947425842285,0.5158941149711609,-0.08980398625135422,0.1171499104644976,-0.08487922719133136,-0.07209771241082207
1761653362.6233356,Right,0,0.6617385149002075,0.8799141645431519,4.154015300628089e-07,0.01866852323852827,0.0021357133423070764,-1.1828671089211363e-07
1761653362.6233356,Right,1,0.5945356488227844,0.8496264815330505,-0.021962838247418404,0.026756834985232666,0.032068719386937866,-0.013329261837050693
1761653362.6233356,Right,2,0.5358309149742126,0.7855290174484253,-0.0323636494576931,0.013211213619106765,0.026969001244896068,-0.007512362899849095
1761653362.6233356,Right,3,0.4960426688194275,0.7317007184028625,-0.04141407087445259,0.006035497803868451,0.009237662742761759,0.0008505970161836489
1761653362.6233356,Right,4,0.45910799503326416,0.6973040699958801,-0.05075366050004959,-0.014031074629130568,0.03275790846220209,0.009522936788505366
1761653362.6233356,Right,5,0.5791928768157959,0.660839855670929,-0.01907775178551674,0.008200015174805326,-0.027441106299511315,0.01595354595155865
1761653362.6233356,Right,6,0.5541473031044006,0.5730894804000854,-0.03527441620826721,-0.009137199911199287,-0.012479872306823323,0.029912895914886203
1761653362.6233356,Right,7,0.539987325668335,0.5200625658035278,-0.049290236085653305,-0.006731712251969212,-0.004968343669998567,0.03640306706701925
1761653362.6233356,Right,8,0.529808521270752,0.47098514437675476,-0.06130522862076759,0.006088890637426128,-0.008270620171812518,0.03643090510688402
1761653362.6233356,Right,9,0.6216678023338318,0.6467548608779907,-0.025393113493919373,0.010452349706198908,-0.03858756284196002,0.023004363810337415
1761653362.6233356,Right,10,0.6096541285514832,0.5459139943122864,-0.040080055594444275,0.004641663833099623,-0.03323071605410099,0.03437141705985337
1761653362.6233356,Right,11,0.6045106053352356,0.4824555814266205,-0.055101558566093445,0.012779153189659775,-0.03936105639126269,0.03663371883895879
1761653362.6233356,Right,12,0.5997406840324402,0.42514103651046753,-0.06747142225503922,0.028558843117804263,-0.05155815744141542,0.0339917395666188
1761653362.6233356,Right,13,0.6631928086280823,0.6562219858169556,-0.03535284101963043,0.011497022646991876,-0.042060907172343634,0.02628279795308737
1761653362.6233356,Right,14,0.6655586361885071,0.5619487762451172,-0.05718280375003815,0.009991485248122118,-0.024470076126940056,0.027980171938974802
1761653362.6233356,Right,15,0.6688406467437744,0.49996593594551086,-0.07452164590358734,0.02703082452585759,-0.028654739457022984,0.016210520917345084
1761653362.6233356,Right,16,0.6682460904121399,0.4414202570915222,-0.08709261566400528,0.046341466841645286,-0.035840642062874274,0.0049968842471469965
1761653362.6233356,Right,17,0.7041933536529541,0.682605504989624,-0.04681237414479256,0.016265143191149155,-0.04742758948217382,0.027673865683301813
1761653362.6233356,Right,18,0.7283449172973633,0.6116740107536316,-0.06976442039012909,0.023435941245401895,-0.023110666483070256,0.023759020578722114
1761653362.6233356,Right,19,0.7456266283988953,0.5635969042778015,-0.08180750161409378,0.04254776550991561,-0.014127322236991117,0.008749487147782934
1761653362.6233356,Right,20,0.7579858899116516,0.5150331258773804,-0.09030409902334213,0.06118607964524677,-0.01014815106237688,-0.005894639078495896
1761653362.703807,Right,0,0.6605802178382874,0.8800913095474243,4.201998820008157e-07,-0.014393876547306545,0.002201337986857153,5.962795529473559e-08
1761653362.703807,Right,1,0.593630313873291,0.849923849105835,-0.02251860313117504,-0.011250377753153868,0.003695314675784097,-0.006906355363502231
1761653362.703807,Right,2,0.5352624654769897,0.7866001725196838,-0.033392272889614105,-0.007063983977340736,0.013310984172883546,-0.012782453810418284
1761653362.703807,Right,3,0.4950978755950928,0.733029305934906,-0.042878713458776474,-0.011740716160724338,0.016510034901428647,-0.018200758024662096
1761653362.703807,Right,4,0.45808738470077515,0.6981578469276428,-0.052587635815143585,-0.012682876968019863,0.01060967877649457,-0.02279036625760691
1761653362.703807,Right,5,0.5787488222122192,0.6597496271133423,-0.019210536032915115,-0.0055181588163141955,-0.013548005759624558,-0.0016500776245696577
1761653362.703807,Right,6,0.5539149045944214,0.5726495981216431,-0.0355386845767498,-0.0028879598959475235,-0.005466310344214599,-0.003283998894886852
1761653362.703807,Right,7,0.5399223566055298,0.5197174549102783,-0.049710873514413834,-0.0008073547798365736,-0.004288609335095193,-0.00522715926665521
1761653362.703807,Right,8,0.5301165580749512,0.47050952911376953,-0.0619153268635273,0.0038278986258673507,-0.005910355473124715,-0.007581542832763494
1761653362.703807,Right,9,0.6213592290878296,0.6453344821929932,-0.025509072467684746,-0.003834564857994442,-0.01765070128761977,-0.001440994031500169
1761653362.703807,Right,10,0.6095268726348877,0.5446183085441589,-0.04044041782617569,-0.0015813783990376925,-0.0161011726643004,-0.004478134017930683
1761653362.703807,Right,11,0.6044789552688599,0.48086875677108765,-0.055674076080322266,-0.0003933076954983675,-0.019719084978164388,-0.007114536237637843
1761653362.703807,Right,12,0.6000685095787048,0.4235292673110962,-0.06825073063373566,0.004073808522111151,-0.020029064772074116,-0.009684276136074093
1761653362.703807,Right,13,0.6627963781356812,0.654977023601532,-0.035573575645685196,-0.00492634554192023,-0.015470843382061021,-0.002743015640461955
1761653362.703807,Right,14,0.6660819053649902,0.5613243579864502,-0.0577734112739563,0.006502539093747963,-0.007759494195933895,-0.007339336398812522
1761653362.703807,Right,15,0.6691300272941589,0.4989706873893738,-0.07564549893140793,0.003596061886336298,-0.012367712326900173,-0.013965848892812913
1761653362.703807,Right,16,0.6684162616729736,0.440191388130188,-0.08868042379617691,0.0021146769692049704,-0.015270856418248291,-0.01973130640373072
1761653362.703807,Right,17,0.7036189436912537,0.6819673776626587,-0.047186046838760376,-0.007138053223197303,-0.007929853461403997,-0.004643539902584128
1761653362.703807,Right,18,0.729527473449707,0.6128332614898682,-0.07052066177129745,0.014695338377942771,0.014405727626643597,-0.009397628154609181
1761653362.703807,Right,19,0.7474122047424316,0.5647566914558411,-0.08322340995073318,0.022188923981251593,0.014412393858770687,-0.017595149353227344
1761653362.703807,Right,20,0.7602331638336182,0.5157638192176819,-0.09227821230888367,0.027926327765301226,0.009080148849556473,-0.024531826814252106
1761653362.7918346,Right,0,0.6613016724586487,0.881863534450531,4.1709972720127553e-07,0.008195788892078849,0.020132633107086947,-3.5218035275830727e-08
1761653362.7918346,Right,1,0.5955656170845032,0.853066086769104,-0.024291036650538445,0.021985217245283222,0.035696100364558225,-0.02013500300638654
1761653362.7918346,Right,2,0.5366972088813782,0.7913720011711121,-0.03636432811617851,0.016298813154430762,0.05420839946480903,-0.03376281269128473
1761653362.7918346,Right,3,0.49576807022094727,0.7368943095207214,-0.046696342527866364,0.007613470778464522,0.043906785766520226,-0.043368607027360825
1761653362.7918346,Right,4,0.45858877897262573,0.7008472681045532,-0.05709537863731384,0.005695883688050832,0.030552064656269806,-0.05120836086930615
1761653362.7918346,Right,5,0.5788702964782715,0.6610348224639893,-0.021350709721446037,0.0013799585064488346,0.014599933913665245,-0.02431256415655961
1761653362.7918346,Right,6,0.5542070269584656,0.574241578578949,-0.03839641809463501,0.003318536133516064,0.01808504011223843,-0.03246410787510766
1761653362.7918346,Right,7,0.5402253866195679,0.5213147401809692,-0.05304398760199547,0.0034424480111805078,0.018145303265856658,-0.037864473584425296
1761653362.7918346,Right,8,0.5302799940109253,0.47232621908187866,-0.06555019319057465,0.0018566468227098646,0.020637760214943096,-0.04129240596239579
1761653362.7918346,Right,9,0.621609091758728,0.646465539932251,-0.027016350999474525,0.0028384622468270435,0.012848916888308677,-0.017122818676973246
1761653362.7918346,Right,10,0.6101177334785461,0.5460196733474731,-0.04279494285583496,0.006712231930533512,0.015919629266495854,-0.026747614527076437
1761653362.7918346,Right,11,0.6046639084815979,0.4821627736091614,-0.058334626257419586,0.002101085007610762,0.014700146798333757,-0.03022408752105825
1761653362.7918346,Right,12,0.5996754169464111,0.42480045557022095,-0.07100825011730194,-0.0044655673945191675,0.014440812103549703,-0.03132566749906558
1761653362.7918346,Right,13,0.6631327867507935,0.6563822627067566,-0.03658194839954376,0.003821631899115418,0.015963641682059725,-0.011455204501996132
1761653362.7918346,Right,14,0.6668651700019836,0.5629732012748718,-0.05970903858542442,0.00889795619884403,0.018731006949898973,-0.02198889905312366
1761653362.7918346,Right,15,0.6702316999435425,0.5001381039619446,-0.07810534536838531,0.012515099644108837,0.013261956480523491,-0.0279440751163282
1761653362.7918346,Right,16,0.6698043346405029,0.4409627318382263,-0.09135939925909042,0.015768632825407487,0.00876253338172442,-0.030433400412768746
1761653362.7918346,Right,17,0.7038112282752991,0.6840561032295227,-0.04781103879213333,0.002184370040139323,0.023728108901612616,-0.007099964383799098
1761653362.7918346,Right,18,0.7310019135475159,0.6156975030899048,-0.07221939414739609,0.016749771135439066,0.0325380402693289,-0.019297751439544545
1761653362.7918346,Right,19,0.7496808171272278,0.567619800567627,-0.08568675071001053,0.025771639211947542,0.03252517510170254,-0.027983770929596388
1761653362.7918346,Right,20,0.7633460164070129,0.5184321999549866,-0.0950966328382492,0.035362283120358384,0.030313043384053693,-0.03201750881602539
1761653362.8796508,Right,0,0.6617787480354309,0.8814005255699158,4.2919907627947396e-07,0.005432657848439435,-0.005272474533567907,1.3778031601204358e-07
1761653362.8796508,Right,1,0.5954541563987732,0.8528926372528076,-0.02458694390952587,-0.0012692491474989684,-0.0019751417215090896,-0.003369618926608892
1761653362.8796508,Right,2,0.5365216732025146,0.7919276356697083,-0.03690188378095627,-0.0019988977215959687,0.006327240937425338,-0.006121369743815295
1761653362.8796508,Right,3,0.4954460859298706,0.7374090552330017,-0.04744463786482811,-0.003666568927694881,0.005861623335722508,-0.008521149966877348
1761653362.8796508,Right,4,0.45779916644096375,0.7025762796401978,-0.0581270307302475,-0.008991646032883735,0.019688972872005387,-0.011747851100106427
1761653362.8796508,Right,5,0.5788621306419373,0.6620734930038452,-0.022083250805735588,-9.298777176864099e-05,0.011827773071827285,-0.008341749744792685
1761653362.8796508,Right,6,0.5542041659355164,0.5752847194671631,-0.039287012070417404,-3.2579657262005605e-05,0.011878678786299168,-0.010141563701374862
1761653362.8796508,Right,7,0.5401827096939087,0.5220162868499756,-0.053945258259773254,-0.0004859798874915836,0.007988803457787625,-0.010263143516105211
1761653362.8796508,Right,8,0.5303782820701599,0.4725211262702942,-0.0665028914809227,0.0011192469755218176,0.002219489150974132,-0.010848771339675507
1761653362.8796508,Right,9,0.6218097805976868,0.647375226020813,-0.02764151059091091,0.002285327208357768,0.010358973523598531,-0.00711895206174931
1761653362.8796508,Right,10,0.6106180548667908,0.5472856163978577,-0.043656375259160995,0.00569736756369323,0.014415819595577854,-0.009809488757303274
1761653362.8796508,Right,11,0.605402410030365,0.48318037390708923,-0.059361640363931656,0.008409624030755196,0.011587837470949805,-0.011695036421341847
1761653362.8796508,Right,12,0.600995659828186,0.4252612590789795,-0.07224251329898834,0.015034154340696337,0.005247361047761778,-0.014055067765687105
1761653362.8796508,Right,13,0.6632848381996155,0.6574761867523193,-0.037066422402858734,0.001731473034903673,0.012456967702699768,-0.005516906805890402
1761653362.8796508,Right,14,0.6680126786231995,0.5645492672920227,-0.060614798218011856,0.013067157533502748,0.017947318694207338,-0.010314261337720728
1761653362.8796508,Right,15,0.671634316444397,0.5018956661224365,-0.07943306118249893,0.015972176972698246,0.020014090701765817,-0.015119251726721836
1761653362.8796508,Right,16,0.671760082244873,0.44283396005630493,-0.09299200773239136,0.02227091071001933,0.021308453335070913,-0.018591191139419212
1761653362.8796508,Right,17,0.7036937475204468,0.6854767799377441,-0.04813285171985626,-0.0013378021763211052,0.016177836059164657,-0.0036646175419734585
1761653362.8796508,Right,18,0.7318784594535828,0.618061900138855,-0.07335097342729568,0.009981592493646966,0.02692437175560913,-0.012885763504267934
1761653362.8796508,Right,19,0.7514959573745728,0.5702573657035828,-0.08743078261613846,0.02066975630416368,0.030035050281271042,-0.019860016072630916
1761653362.8796508,Right,20,0.7661954164505005,0.5211847424507141,-0.09721300005912781,0.03244730240437871,0.03134434525748789,-0.024099953030994114
1761653362.9655292,Right,0,0.6628838777542114,0.8849116563796997,4.2779220166266896e-07,0.012868545252637423,0.04088492504164353,-1.6382176104285595e-08
1761653362.9655292,Right,1,0.5943235158920288,0.8564542531967163,-0.023943588137626648,-0.013165602443087173,0.04147279289283731,0.0074914760896724044
1761653362.9655292,Right,2,0.5343899130821228,0.796415388584137,-0.03637433052062988,-0.024823014991671295,0.052257079400333147,0.006143028178789561
1761653362.9655292,Right,3,0.4941042959690094,0.742241621017456,-0.047110579907894135,-0.015624305941143809,0.056272209883398115,0.0038898962382009996
1761653362.9655292,Right,4,0.4570065140724182,0.7071480751037598,-0.05803527683019638,-0.00922994169905608,0.053235702387562464,0.0010684168517490283
1761653362.9655292,Right,5,0.5792132019996643,0.6656365394592285,-0.023264795541763306,0.00408800666296502,0.041489450305385894,-0.013758350395613548
1761653362.9655292,Right,6,0.5549634695053101,0.5778002142906189,-0.040918901562690735,0.008841615769017213,0.029291365907828985,-0.019002333772903942
1761653362.9655292,Right,7,0.5409061312675476,0.5237386226654053,-0.055770885199308395,0.008423792337590228,0.02005552470849528,-0.02125828532759578
1761653362.9655292,Right,8,0.5306161046028137,0.4746595621109009,-0.0684107318520546,0.00276929483620211,0.024900749583564686,-0.022215609383675734
1761653362.9655292,Right,9,0.6231899261474609,0.6518610715866089,-0.029381947591900826,0.01607093281510272,0.05223486951693503,-0.020266301707384787
1761653362.9655292,Right,10,0.6117642521858215,0.5517349243164062,-0.04578496515750885,0.013346751804553025,0.05180941143808995,-0.024786099736257634
1761653362.9655292,Right,11,0.6062174439430237,0.4870902895927429,-0.061586253345012665,0.009490560799555802,0.04552852581898945,-0.025904228553581345
1761653362.9655292,Right,12,0.601452648639679,0.4294036626815796,-0.07450402528047562,0.005321349250416435,0.04823570238756247,-0.026333894364242088
1761653362.9655292,Right,13,0.6656885147094727,0.6626261472702026,-0.039251670241355896,0.02798931149361466,0.059968073292615214,-0.025445846057745698
1761653362.9655292,Right,14,0.669735848903656,0.5674825310707092,-0.0632127970457077,0.020065241532481955,0.03415602443087174,-0.03025207350083287
1761653362.9655292,Right,15,0.6731920838356018,0.5051316022872925,-0.08198370039463043,0.018139228206551915,0.03768045530260966,-0.029700600360910604
1761653362.9655292,Right,16,0.6734034419059753,0.44715940952301025,-0.09543608129024506,0.019135896724042197,0.05036715713492504,-0.02845970988339811
1761653362.9655292,Right,17,0.7074519991874695,0.6915377974510193,-0.05066632479429245,0.04376249305941144,0.07057676290949473,-0.029500711410327597
1761653362.9655292,Right,18,0.7361041307449341,0.623796284198761,-0.07661248743534088,0.0492053026096613,0.06677332037756802,-0.037978293309272625
1761653362.9655292,Right,19,0.7552693486213684,0.575735330581665,-0.09101764112710953,0.04393878400888395,0.06378747917823431,-0.041766726818434206
1761653362.9655292,Right,20,0.7695876359939575,0.5264666080474854,-0.10086341947317123,0.039500277623542475,0.06150402554136591,-0.04250685383120489
1761653363.0493176,Right,0,0.6638104915618896,0.8958641886711121,4.4204091409483226e-07,0.011058975511760388,0.13071657836179768,1.700559181782988e-07
1761653363.0493176,Right,1,0.5933585166931152,0.8682450652122498,-0.026697322726249695,-0.011517098516364382,0.14072130186606874,-0.03286534598246044
1761653363.0493176,Right,2,0.5337191820144653,0.8079949021339417,-0.041059911251068115,-0.008005059271442148,0.1381994912273713,-0.0559215955200692
1761653363.0493176,Right,3,0.4915369749069214,0.7544897794723511,-0.05333603173494339,-0.030640532788517902,0.1461796525094328,-0.07429969069583478
1761653363.0493176,Right,4,0.4534269869327545,0.7182914614677429,-0.06578405201435089,-0.04272103723601017,0.13299438870456473,-0.0924802914629774
1761653363.0493176,Right,5,0.578838050365448,0.6755275130271912,-0.026786381378769875,-0.004477369861766363,0.11804705862267169,-0.04202951781131023
1761653363.0493176,Right,6,0.5548770427703857,0.5874049067497253,-0.046068254858255386,-0.001031488131484148,0.11463034310852109,-0.06145664086286472
1761653363.0493176,Right,7,0.5410582423210144,0.5324142575263977,-0.06182078644633293,0.0018154191114121002,0.10354220138062908,-0.07220452488945293
1761653363.0493176,Right,8,0.5308559536933899,0.4825176000595093,-0.07502325624227524,0.0028625574076498006,0.09378432365678904,-0.07891933478263344
1761653363.0493176,Right,9,0.62420654296875,0.6616162657737732,-0.03250708431005478,0.012133145910754223,0.11642655519955383,-0.037297966154384604
1761653363.0493176,Right,10,0.6126503348350525,0.5615740418434143,-0.05072546377778053,0.01057524314665058,0.11742816574378119,-0.05896399644029889
1761653363.0493176,Right,11,0.6066871881484985,0.4966152608394623,-0.06772840023040771,0.005606315837397634,0.1136788842286176,-0.07330546062703096
1761653363.0493176,Right,12,0.6015705466270447,0.43776264786720276,-0.08135650306940079,0.0014070920855694098,0.09976304227820872,-0.08178313708975227
1761653363.0493176,Right,13,0.6675356030464172,0.6731475591659546,-0.04214489459991455,0.02204467979762914,0.12557123101350467,-0.03453013225811959
1761653363.0493176,Right,14,0.6707050800323486,0.5770581960678101,-0.06827907264232635,0.011567605866250847,0.11428390537056744,-0.060465122896475584
1761653363.0493176,Right,15,0.6742486357688904,0.5142508149147034,-0.08823703229427338,0.012609764564612417,0.10883622529408082,-0.07463243453962906
1761653363.0493176,Right,16,0.6747119426727295,0.4554857611656189,-0.10218090564012527,0.015616730310669997,0.0993735665871828,-0.08049831191632
1761653363.0493176,Right,17,0.7095130681991577,0.7031746506690979,-0.05343116819858551,0.02459850213695886,0.13888383024977663,-0.03299792777591241
1761653363.0493176,Right,18,0.7379132509231567,0.6345499157905579,-0.08157740533351898,0.021591536390901278,0.1283427329171338,-0.05925543629813848
1761653363.0493176,Right,19,0.7579119205474854,0.5871439576148987,-0.09698501229286194,0.03153863883403427,0.13615999021153333,-0.0712195426452762
1761653363.0493176,Right,20,0.7727536559104919,0.5386146306991577,-0.1072150245308876,0.0377859000552024,0.1449845490191615,-0.07580530768223906
1761653363.14345,Right,0,0.6653739213943481,0.9087156653404236,4.3295349883010203e-07,0.016608834405551897,0.13652550529355148,-9.653863075456928e-08
1761653363.14345,Right,1,0.5938108563423157,0.8797953128814697,-0.025123747065663338,0.004805354338685983,0.12270211742059672,0.016716616907704776
1761653363.14345,Right,2,0.5325696468353271,0.8192144632339478,-0.038562946021556854,-0.012211894027658174,0.11918912415784408,0.026526091003495265
1761653363.14345,Right,3,0.4896913766860962,0.7663089632987976,-0.05033918842673302,-0.01960640291778532,0.1255591155463249,0.03183646186869966
1761653363.14345,Right,4,0.45121660828590393,0.7313740849494934,-0.06235100328922272,-0.02348158654576769,0.13898105465781876,0.03647041689883998
1761653363.14345,Right,5,0.5783293843269348,0.6863178014755249,-0.024149080738425255,-0.005403728281242085,0.11462881819563345,0.028016920685375615
1761653363.14345,Right,6,0.554220974445343,0.5977773666381836,-0.04275011643767357,-0.006969631730915354,0.11019008662175168,0.035249686566030086
1761653363.14345,Right,7,0.5397264957427979,0.5425733327865601,-0.05841853469610214,-0.014147586241831722,0.10792323083936983,0.03614325040524796
1761653363.14345,Right,8,0.5288528203964233,0.49281585216522217,-0.07164884358644485,-0.021279950357124766,0.10940175269743174,0.03584750645863938
1761653363.14345,Right,9,0.6237849593162537,0.672852098941803,-0.03051680512726307,-0.004478623170052176,0.11936198774124918,0.021143396832733904
1761653363.14345,Right,10,0.6121126413345337,0.5718250870704651,-0.04781103506684303,-0.005712096651638721,0.1089002583455752,0.030960944227749355
1761653363.14345,Right,11,0.6063750386238098,0.5065144300460815,-0.0644107237458229,-0.0033160680816574644,0.1051621625044324,0.03524477926650119
1761653363.14345,Right,12,0.6016408205032349,0.44786134362220764,-0.07784504443407059,0.000746542728331898,0.10728179930094726,0.037303391418874426
1761653363.14345,Right,13,0.667493999004364,0.6847811341285706,-0.040772076696157455,-0.0004419735575705385,0.12358733093561623,0.014583900574945545
1761653363.14345,Right,14,0.6703253388404846,0.5877629518508911,-0.06601976603269577,-0.004034116812724786,0.11372017628286307,0.024001364545869004
1761653363.14345,Right,15,0.673886775970459,0.5250822305679321,-0.08533411473035812,-0.003844156830960944,0.11506572615369029,0.030838657489488882
1761653363.14345,Right,16,0.6746158003807068,0.46669429540634155,-0.09894538670778275,-0.0010213515019502559,0.11907198216908971,0.03437199230028874
1761653363.14345,Right,17,0.7102530598640442,0.7154589295387268,-0.05263037607073784,0.007861177245326985,0.13049997467200244,0.008507080758320247
1761653363.14345,Right,18,0.7385569214820862,0.646969199180603,-0.079978346824646,0.00683792614355909,0.13193417253431944,0.01698732966921635
1761653363.14345,Right,19,0.758383572101593,0.599785327911377,-0.09463170915842056,0.005010511118990932,0.13429347550782636,0.024999920850007597
1761653363.14345,Right,20,0.773508608341217,0.551849901676178,-0.10435191541910172,0.008020110430069399,0.14060267970214274,0.03041575908008713
1761653363.228968,Right,0,0.666628897190094,0.9219473600387573,4.394882751057594e-07,0.01467501003657775,0.15472430078508342,7.641414898768492e-08
1761653363.228968,Right,1,0.5935688614845276,0.8931723237037659,-0.02586665004491806,-0.0028297573378535104,0.15642354915692747,-0.008687106726458648
1761653363.228968,Right,2,0.5314586162567139,0.8317888975143433,-0.0392756350338459,-0.012991792309751093,0.14703865197609065,-0.008333800893813007
1761653363.228968,Right,3,0.488452285528183,0.7770291566848755,-0.05083496496081352,-0.01448926364974574,0.1253561591132126,-0.005797343373628334
1761653363.228968,Right,4,0.4493827819824219,0.7409647107124329,-0.06249096989631653,-0.021443775649032028,0.11214760460344367,-0.001636694007047908
1761653363.228968,Right,5,0.5778946876525879,0.698157787322998,-0.02448255382478237,-0.0050831084396467125,0.13845040815416185,-0.003899454400481756
1761653363.228968,Right,6,0.5534268617630005,0.6087044477462769,-0.04312555491924286,-0.009285925372468551,0.12777539254170756,-0.004390175096462664
1761653363.228968,Right,7,0.538411557674408,0.5530929565429688,-0.058584727346897125,-0.015376176509947364,0.12301080604871086,-0.0019433672160763672
1761653363.228968,Right,8,0.5270969867706299,0.5025617480278015,-0.07184953987598419,-0.020531771344455347,0.11396324939780533,-0.002346834156704434
1761653363.228968,Right,9,0.6246775388717651,0.6837112903594971,-0.030815722420811653,0.010437343875457222,0.12698152712106342,-0.0034953775983584618
1761653363.228968,Right,10,0.6126042008399963,0.5819849371910095,-0.04832378774881363,0.00574803171558569,0.11880380720849318,-0.005995853290324739
1761653363.228968,Right,11,0.6067759990692139,0.5158439874649048,-0.06501522660255432,0.004688615175305558,0.10909481220447854,-0.00706873034503524
1761653363.228968,Right,12,0.6020872592926025,0.45671242475509644,-0.0786709412932396,0.005220414399143545,0.1034997686011241,-0.009657592392274065
1761653363.228968,Right,13,0.6693922877311707,0.695976734161377,-0.041147179901599884,0.02219756445713266,0.1309153080114194,-0.004386254558279062
1761653363.228968,Right,14,0.6730052828788757,0.5985299348831177,-0.06696471571922302,0.031337820055312694,0.125903291997502,-0.011049731939735926
1761653363.228968,Right,15,0.67612224817276,0.5352673530578613,-0.08628945052623749,0.026140406146846283,0.11909932866446606,-0.011171181500356855
1761653363.228968,Right,16,0.6763882637023926,0.4758319556713104,-0.10000372678041458,0.02072623003836203,0.10685087039432599,-0.01237565795343028
1761653363.228968,Right,17,0.7131626605987549,0.7279359698295593,-0.05312447249889374,0.03402330158800963,0.1458997791952895,-0.005777697121174949
1761653363.228968,Right,18,0.7420735955238342,0.6586605906486511,-0.08123007416725159,0.041122089392452495,0.13671282563118922,-0.014637024377732179
1761653363.228968,Right,19,0.7615262269973755,0.6099919080734253,-0.09620370715856552,0.03674851124096708,0.11935024310821661,-0.018382096696850744
1761653363.228968,Right,20,0.7759135365486145,0.5600131750106812,-0.10622932016849518,0.028121933267909717,0.09545691520206977,-0.0219533584898296
1761653363.3036935,Right,0,0.6658723950386047,0.9333829283714294,4.033308016460069e-07,-0.010123730944222167,0.1530340882260977,-4.838697843869728e-07
1761653363.3036935,Right,1,0.592511773109436,0.9042653441429138,-0.02661004662513733,-0.014146262866040036,0.14845001308140462,-0.009948348392901584
1761653363.3036935,Right,2,0.5318064093589783,0.8404412865638733,-0.04077747091650963,0.0046542680475525015,0.11578877679295008,-0.020098002852384327
1761653363.3036935,Right,3,0.4902991056442261,0.7830103039741516,-0.05329538509249687,0.02471468180280899,0.08004144571855198,-0.03292605496742411
1761653363.3036935,Right,4,0.4508037567138672,0.7465156316757202,-0.06587366759777069,0.01901589550191116,0.07428403239083409,-0.04526824058298396
1761653363.3036935,Right,5,0.579258143901825,0.7113154530525208,-0.026542827486991882,0.018246166510327927,0.17607969446943736,-0.027571178993497585
1761653363.3036935,Right,6,0.5556282997131348,0.621243417263031,-0.04678252711892128,0.02946028038874106,0.16780012251852136,-0.048938661373483676
1761653363.3036935,Right,7,0.540004551410675,0.5661559104919434,-0.06289923191070557,0.02131790365705024,0.1748122339848511,-0.05773794995246026
1761653363.3036935,Right,8,0.5276676416397095,0.5156745910644531,-0.07660868763923645,0.007636668772453752,0.17547986420863884,-0.0636882940572136
1761653363.3036935,Right,9,0.6260603666305542,0.6987717151641846,-0.033136073499917984,0.01850540166293368,0.20154296762830945,-0.031051610328885655
1761653363.3036935,Right,10,0.6136197447776794,0.5983787178993225,-0.0528378002345562,0.013590303169528624,0.21938632259381918,-0.060407822759729696
1761653363.3036935,Right,11,0.6080242991447449,0.5336132049560547,-0.07051223516464233,0.01670511323391466,0.237792816075451,-0.0735625610199667
1761653363.3036935,Right,12,0.6034471392631531,0.47384464740753174,-0.08484426885843277,0.01819830771292379,0.22926836661115046,-0.08261325784405689
1761653363.3036935,Right,13,0.6707102060317993,0.7120965123176575,-0.043699052184820175,0.01763676449004856,0.21571954106603877,-0.034149894152293074
1761653363.3036935,Right,14,0.6746020317077637,0.616327702999115,-0.07195913046598434,0.021368155394324583,0.2381748888080607,-0.06683670498561045
1761653363.3036935,Right,15,0.6791629791259766,0.5551060438156128,-0.09131195396184921,0.04069194249286904,0.26548710683997934,-0.06721259595688879
1761653363.3036935,Right,16,0.6799927949905396,0.4955831468105316,-0.1047079861164093,0.048236881903631526,0.26431616159682475,-0.062953761222888
1761653363.3036935,Right,17,0.714065432548523,0.7447761297225952,-0.055947016924619675,0.012081155758051444,0.2253598981564791,-0.03777210717499091
1761653363.3036935,Right,18,0.7429412007331848,0.6764553189277649,-0.0862903818488121,0.01161054425024408,0.23813420883026717,-0.06771850332778172
1761653363.3036935,Right,19,0.7630182504653931,0.6296014785766602,-0.10166498273611069,0.01996669027700672,0.26242095321962083,-0.073084371869237
1761653363.3036935,Right,20,0.777815580368042,0.580469012260437,-0.11166134476661682,0.025453701399391238,0.2737459399786869,-0.07269292678880232
1761653363.3880272,Right,0,0.6545386910438538,0.963086724281311,1.7986801026381727e-07,-0.13439122924564842,0.35221756695248513,-2.6497462116908056e-06
1761653363.3880272,Right,1,0.5861614942550659,0.9325818419456482,-0.029030853882431984,-0.07529945917827893,0.3357674551411989,-0.02870511381145027
1761653363.3880272,Right,2,0.5324961543083191,0.868989884853363,-0.044462598860263824,0.008178762357903546,0.33851962422361126,-0.043697000955555364
1761653363.3880272,Right,3,0.4983076751232147,0.8079675436019897,-0.058452632278203964,0.09496290862007062,0.2959345077052253,-0.06115289309936362
1761653363.3880272,Right,4,0.46340513229370117,0.7609443664550781,-0.07249891012907028,0.14942285021245558,0.1710910576414745,-0.0785598854747103
1761653363.3880272,Right,5,0.5810012221336365,0.7578977346420288,-0.028032539412379265,0.02066883221522047,0.5523569423359088,-0.01766450023464821
1761653363.3880272,Right,6,0.5674761533737183,0.6794345378875732,-0.05251900106668472,0.14048784211285165,0.690010629846687,-0.06802116816643626
1761653363.3880272,Right,7,0.5533881187438965,0.638595700263977,-0.07243597507476807,0.15869781550996406,0.8589665301183701,-0.1130834753944493
1761653363.3880272,Right,8,0.5366958379745483,0.59871906042099,-0.08844593167304993,0.10705329906904029,0.9847132344418341,-0.14036203674647532
1761653363.3880272,Right,9,0.6275924444198608,0.7522613406181335,-0.03415444493293762,0.01816686032211828,0.634261890020666,-0.012075504069591571
1761653363.3880272,Right,10,0.6235653758049011,0.6693242788314819,-0.05640587583184242,0.11793192940198631,0.8412484698392235,-0.04230903381478623
1761653363.3880272,Right,11,0.6171643137931824,0.621991753578186,-0.07604226469993591,0.10837920281804021,1.0479629425451131,-0.06557322013677447
1761653363.3880272,Right,12,0.6091347336769104,0.5728638768196106,-0.09192683547735214,0.06744157118180713,1.1741365369881913,-0.0839826798521999
1761653363.3880272,Right,13,0.6713765859603882,0.7707394957542419,-0.044606342911720276,0.007901707843187144,0.6953686662652203,-0.010758346620641693
1761653363.3880272,Right,14,0.6789611577987671,0.6926164627075195,-0.07481066882610321,0.05168904305936034,0.9046063140158487,-0.0338125775681964
1761653363.3880272,Right,15,0.6804890036582947,0.6502729058265686,-0.09202121943235397,0.015723550481876958,1.1284564671026034,-0.00841023009660156
1761653363.3880272,Right,16,0.6768192648887634,0.6037842035293579,-0.10397017747163773,-0.03763064675266665,1.283011540168664,0.00874868540459854
1761653363.3880272,Right,17,0.7132795453071594,0.8071900010108948,-0.05712960287928581,-0.009318785144223837,0.7400825792079068,-0.014022704334772321
1761653363.3880272,Right,18,0.7402424812316895,0.7561352252960205,-0.08870414644479752,-0.032000503221465505,0.9448173843226724,-0.02862160431526542
1761653363.3880272,Right,19,0.7585409879684448,0.7290810942649841,-0.10139667987823486,-0.053089864610809084,1.1795956417628584,0.0031814445565855574
1761653363.3880272,Right,20,0.7713533639907837,0.6988482475280762,-0.10925479233264923,-0.07662677647072128,1.4037009394409719,0.028536084936998368
1761653363.4373198,Right,0,0.6227530837059021,0.9486978054046631,-7.464703344339796e-07,-0.6448357420628011,-0.29190850697467446,-1.879265881420545e-05
1761653363.4373198,Right,1,0.5580019354820251,0.9277382493019104,-0.026679741218686104,-0.5712739663745235,-0.09826213554665583,0.04769710589703407
1761653363.4373198,Right,2,0.5117408633232117,0.9146196842193604,-0.058066681027412415,-0.42106332346624875,0.9256933561630584,-0.27598649684640236
1761653363.4373198,Right,3,0.4707631468772888,0.92207932472229,-0.08805743604898453,-0.5587968202836303,2.3149897459709403,-0.6005937028411399
1761653363.4373198,Right,4,0.4503330588340759,0.9209014177322388,-0.1189291700720787,-0.26519361735059105,3.24505436570124,-0.9419323282450133
1761653363.4373198,Right,5,0.557126522064209,0.8275277614593506,-0.07102371752262115,-0.48434688606419407,1.4125868206705747,-0.8721635532750015
1761653363.4373198,Right,6,0.5249589085578918,0.8763717412948608,-0.10317680239677429,-0.8625488517422176,3.995272021978447,-1.0276966101244027
1761653363.4373198,Right,7,0.49993467330932617,0.931629478931427,-0.12386039644479752,-1.084411941107048,5.944786648480275,-1.0432490580320004
1761653363.4373198,Right,8,0.4822782278060913,0.9817302823066711,-0.135683074593544,-1.1039719852187204,7.770162226478612,-0.9583015917929073
1761653363.4373198,Right,9,0.6188623309135437,0.8551594614982605,-0.0787438303232193,-0.17710812196490414,2.087497823437228,-0.9045864409812913
1761653363.4373198,Right,10,0.5898304581642151,0.9468850493431091,-0.1100759357213974,-0.6843814692282392,5.63088518389537,-1.088806406228839
1761653363.4373198,Right,11,0.5780714750289917,1.0079834461212158,-0.12386888265609741,-0.7930778048638922,7.830627140286726,-0.9702602927235088
1761653363.4373198,Right,12,0.5698683857917786,1.0524967908859253,-0.13389450311660767,-0.796597790546946,9.730329918548184,-0.8513995600924797
1761653363.4373198,Right,13,0.6745027899742126,0.8942973613739014,-0.08506660908460617,0.06342141157350978,2.506622796834794,-0.8208188531448913
1761653363.4373198,Right,14,0.6552903652191162,0.9921709299087524,-0.11920231580734253,-0.4802102075957204,6.077072087759011,-0.9005749148722115
1761653363.4373198,Right,15,0.6600616574287415,1.0499515533447266,-0.11761748790740967,-0.41441029659295375,8.10829488072436,-0.5192724052953354
1761653363.4373198,Right,16,0.6610227823257446,1.0991156101226807,-0.11285462975502014,-0.32046380134269736,10.048805792559058,-0.18023919820264284
1761653363.4373198,Right,17,0.7185013890266418,0.9405149817466736,-0.09255269169807434,0.10593572851974384,2.704768607193298,-0.7186294577214773
1761653363.4373198,Right,18,0.7144396901130676,1.0040186643600464,-0.12138590961694717,-0.5234621374813783,5.028820109505292,-0.6630160872172887
1761653363.4373198,Right,19,0.7164085507392883,1.0476208925247192,-0.11349329352378845,-0.8547422465997253,6.462228171493799,-0.24540442954708147
1761653363.4373198,Right,20,0.71563321352005,1.0828572511672974,-0.10268197953701019,-1.1303966664731944,7.790404260258866,0.13334288602549965
